{
    "method": "TM_SQDIFF_NORMED",
    "mask_used": true,
    "result_location": [
        [
            50,
            0
        ],
        [
            50,
            5
        ],
        [
            50,
            14
        ],
        [
            50,
            15
        ],
        [
            50,
            20
        ],
        [
            50,
            23
        ],
        [
            50,
            50
        ]
    ],
    "min_value": -1.2331146592714504e-07,
    "max_value": Infinity,
    "normalized_min_value": 0.0,
    "normalized_max_val": 1.000000238418579
}