{
    "method": "TM_CCORR",
    "mask_used": false,
    "result_location": [
        [
            50,
            50
        ],
        [
            100,
            100
        ]
    ],
    "match_value": -11.519999504089355,
    "normalized_match_value": 56766828.0,
    "min_value": -11.519999504089355,
    "max_value": 56766828.0,
    "normalized_min_value": -11.519999504089355,
    "normalized_max_val": 56766828.0,
    "is_match": true
}